Date,Ardmore Woodford,Arkoma Woodford,Barnett,Cana Woodford,DJ-Niobrara,Eagle Ford,Fayetteville,Granite Wash,Haynesville,Marcellus,Mississippian,Permian,Utica,Williston,Others
2/4/2011,3,19,82,52,33,134,33,92,160,126,20,378,8,157,441
2/11/2011,4,19,81,49,32,136,32,91,161,125,23,375,8,158,426
2/18/2011,4,19,82,49,32,136,32,91,161,127,23,366,8,158,424
2/25/2011,4,19,79,49,32,136,32,91,161,127,23,358,8,158,421
3/4/2011,8,17,77,56,36,140,31,88,159,117,19,361,9,162,427
3/11/2011,6,19,77,60,36,134,31,89,157,118,19,375,9,162,423
3/18/2011,5,19,78,54,36,140,29,89,156,118,22,385,9,162,418
3/25/2011,5,19,78,52,40,146,31,88,158,118,11,389,9,165,428
4/1/2011,4,19,83,54,40,146,32,94,156,118,24,390,9,169,437
4/8/2011,6,17,81,50,40,158,32,92,159,120,22,394,9,169,432
4/15/2011,9,17,83,49,40,151,32,96,154,114,26,393,9,169,429
4/22/2011,9,17,84,50,41,162,31,92,154,116,27,399,9,170,438
4/29/2011,10,17,81,49,41,157,31,92,153,121,29,406,9,171,450
5/6/2011,10,17,81,50,41,159,31,93,156,123,30,415,10,170,449
5/13/2011,8,18,81,53,41,158,29,93,153,122,28,420,10,171,444
5/20/2011,8,18,80,52,40,160,30,90,150,125,29,424,10,172,441
5/27/2011,8,17,78,52,40,171,32,89,146,125,30,435,10,171,442
6/3/2011,8,17,79,52,40,170,32,85,145,125,32,439,10,170,449
6/10/2011,9,18,79,48,45,175,31,91,143,128,31,429,10,170,447
6/17/2011,9,16,75,49,42,179,31,90,142,127,32,425,13,174,456
6/24/2011,9,16,72,49,45,175,31,93,138,130,34,436,13,174,467
7/1/2011,9,16,74,49,45,174,31,88,134,133,33,445,13,168,474
7/8/2011,9,16,71,48,45,176,30,92,137,132,33,442,13,165,478
7/15/2011,10,17,71,48,43,182,31,96,134,132,33,445,13,166,484
7/22/2011,10,16,73,53,42,194,31,96,134,134,34,436,13,171,479
7/29/2011,9,17,72,52,38,188,29,96,133,131,34,444,13,168,484
8/5/2011,10,17,71,53,37,192,28,93,135,131,35,447,13,171,487
8/12/2011,10,17,75,55,40,204,28,93,133,134,35,446,12,185,492
8/19/2011,10,17,71,59,41,212,28,95,134,129,37,451,12,185,493
8/26/2011,9,17,70,58,42,213,28,95,127,131,39,459,12,186,489
9/2/2011,10,17,68,62,43,220,28,94,130,131,41,458,12,187,467
9/9/2011,11,17,68,61,43,222,28,96,130,132,42,448,12,189,459
9/16/2011,10,17,68,59,42,218,29,95,131,137,44,458,10,191,476
9/23/2011,11,17,68,57,44,218,30,99,127,132,45,459,14,196,474
9/30/2011,11,17,66,58,44,221,33,90,125,134,43,464,14,197,473
10/7/2011,12,17,66,58,42,222,34,92,128,136,44,465,14,200,482
10/14/2011,10,17,66,61,42,221,35,96,127,139,41,469,15,198,486
10/21/2011,10,17,61,59,45,213,34,96,128,140,37,475,13,197,488
10/28/2011,11,18,62,61,47,217,35,94,127,141,39,477,13,198,481
11/4/2011,10,19,60,60,47,219,33,92,127,137,43,481,14,199,485
11/11/2011,12,19,60,58,45,220,33,96,125,134,43,481,14,196,480
11/18/2011,8,19,60,58,47,216,33,91,123,134,44,482,14,196,476
11/25/2011,11,19,60,54,47,216,32,93,126,136,45,475,14,197,475
12/2/2011,12,19,60,54,43,217,32,87,121,135,45,476,14,200,478
12/9/2011,12,19,63,52,47,218,31,84,110,136,48,476,14,198,479
12/16/2011,10,20,64,52,47,220,32,88,112,137,50,478,15,201,493
12/23/2011,9,20,64,53,44,221,31,85,110,135,52,482,15,193,494
12/30/2011,9,20,64,53,44,224,29,83,113,140,52,479,16,194,487
1/6/2012,9,20,64,56,45,223,31,86,113,139,47,477,16,193,488
1/13/2012,8,19,63,56,45,232,31,84,111,141,42,475,16,197,467
1/20/2012,9,18,63,58,45,232,31,86,106,143,49,473,14,205,476
1/27/2012,9,17,65,57,42,228,32,90,101,141,51,474,14,201,486
2/3/2012,9,17,62,59,43,226,32,89,94,141,51,478,17,200,479
2/10/2012,8,17,58,58,43,226,29,89,89,139,52,483,16,202,480
2/17/2012,7,16,58,57,42,228,27,85,88,137,60,485,15,204,485
2/24/2012,7,15,59,57,42,232,27,86,86,134,55,484,13,206,478
3/2/2012,7,16,58,54,38,242,27,84,82,133,62,492,10,212,472
3/9/2012,7,13,60,50,38,244,27,82,85,128,64,489,11,213,462
3/16/2012,7,13,62,57,41,243,25,86,76,128,68,484,11,215,468
3/23/2012,7,13,59,53,42,245,25,86,76,124,66,484,13,214,461
3/30/2012,10,13,59,49,41,244,24,91,75,126,65,491,13,218,460
4/5/2012,10,14,54,50,40,247,24,93,72,121,65,498,15,216,460
4/13/2012,10,13,49,50,39,245,24,92,65,120,64,494,15,214,456
4/20/2012,10,15,50,50,43,246,24,96,66,120,63,504,15,212,458
4/27/2012,10,14,49,51,42,248,21,91,63,114,62,512,17,214,437
5/4/2012,9,14,48,50,42,248,21,88,63,112,63,515,21,215,456
5/11/2012,9,14,46,49,42,252,21,96,61,113,66,512,20,216,457
5/18/2012,9,13,47,50,44,255,20,96,59,112,64,516,20,218,463
5/25/2012,9,12,44,50,45,259,20,92,58,107,66,514,22,223,462
6/1/2012,9,10,43,48,45,258,20,93,57,103,63,524,26,224,457
6/8/2012,10,10,43,50,47,256,19,88,53,103,66,524,24,223,468
6/15/2012,10,8,42,49,44,247,18,84,53,104,65,530,26,220,471
6/22/2012,10,8,40,50,41,250,16,83,50,102,67,534,25,220,470
6/29/2012,10,8,41,49,44,247,16,82,51,97,75,534,23,212,470
7/6/2012,10,9,40,47,44,249,15,83,46,102,72,529,22,215,482
7/13/2012,10,8,42,49,44,251,15,84,42,100,69,528,24,218,469
7/20/2012,11,8,42,46,43,250,15,86,46,97,68,513,23,219,468
7/27/2012,11,8,43,40,44,248,15,86,43,97,70,512,23,214,470
8/3/2012,11,8,42,38,44,243,14,87,41,95,76,518,23,211,479
8/10/2012,10,8,44,40,44,247,14,84,42,95,77,515,23,213,475
8/17/2012,10,8,44,40,45,241,14,82,41,92,75,513,23,208,478
8/24/2012,11,8,43,39,46,241,14,81,41,90,79,513,21,208,463
8/31/2012,11,8,41,38,46,238,14,77,41,90,82,511,21,208,468
9/7/2012,11,8,41,37,45,238,15,73,40,87,84,502,21,206,456
9/14/2012,11,7,40,35,43,238,15,74,38,86,87,506,21,202,461
9/21/2012,8,7,42,32,41,234,14,74,38,90,89,501,22,205,462
9/28/2012,10,6,40,30,43,233,14,75,36,87,87,505,22,205,455
10/5/2012,10,6,40,30,43,231,14,70,37,90,85,500,25,202,454
10/12/2012,10,6,41,27,45,230,13,68,36,90,84,498,26,200,461
10/19/2012,11,6,37,26,45,224,15,70,38,90,84,501,26,202,464
10/26/2012,11,6,39,28,45,221,15,71,38,88,82,491,28,203,460
11/2/2012,11,6,40,28,42,219,16,73,39,90,81,482,29,194,450
11/9/2012,11,5,39,27,41,223,15,72,37,92,83,491,27,194,449
11/16/2012,11,5,38,27,43,227,15,72,37,90,82,489,29,196,448
11/21/2012,11,4,37,28,41,227,15,72,36,94,82,487,29,196,458
11/30/2012,10,4,41,28,42,233,15,77,37,92,80,481,30,196,445
12/7/2012,10,4,41,28,40,238,15,77,36,92,80,472,30,194,443
12/14/2012,12,4,41,25,41,233,13,71,37,94,83,477,29,195,444
12/21/2012,12,4,41,29,41,232,13,67,38,92,84,463,31,196,431
12/28/2012,12,4,41,29,41,232,13,67,39,93,86,463,33,196,414
1/4/2013,12,4,39,29,39,233,13,66,40,96,85,473,33,194,406
1/11/2013,13,3,37,31,36,229,13,67,42,92,90,467,32,193,416
1/18/2013,12,3,37,31,35,233,13,69,43,95,86,452,31,197,412
1/25/2013,12,3,33,32,39,236,13,67,41,91,90,464,31,193,408
2/1/2013,12,4,35,36,38,239,13,66,39,90,90,466,31,192,413
2/8/2013,12,3,35,32,39,239,13,69,40,91,91,462,30,190,413
2/15/2013,12,3,34,30,39,235,12,72,40,85,92,473,30,190,415
2/22/2013,12,4,34,30,40,233,13,71,41,92,87,476,31,187,410
3/1/2013,12,4,38,32,41,228,14,69,42,94,89,478,29,189,398
3/8/2013,11,2,36,30,41,227,13,71,42,92,85,476,29,189,408
3/15/2013,12,3,37,33,41,229,13,71,41,93,87,478,29,190,419
3/22/2013,10,2,33,33,40,226,13,68,41,89,85,473,29,187,417
3/28/2013,14,2,32,36,42,225,13,66,41,90,84,467,29,187,420
4/5/2013,13,2,36,33,43,226,13,62,40,81,80,467,32,186,424
4/12/2013,10,2,42,34,43,230,13,71,39,82,82,472,34,189,428
4/19/2013,9,2,39,31,44,229,13,70,39,82,78,469,33,187,433
4/26/2013,11,2,33,32,45,230,13,67,39,80,81,471,34,185,431
5/3/2013,11,2,31,35,45,232,13,67,37,81,81,469,35,186,439
5/10/2013,11,2,31,36,45,234,13,69,38,79,82,468,35,187,439
5/17/2013,12,2,31,37,44,232,13,72,36,78,80,469,35,190,438
5/24/2013,11,2,32,36,42,232,13,70,35,80,77,470,33,185,444
5/31/2013,11,2,30,36,44,231,12,72,38,80,76,470,33,187,449
6/7/2013,11,2,33,34,44,233,12,70,39,77,74,473,34,190,439
6/14/2013,13,2,33,34,46,227,12,73,39,75,73,473,33,190,448
6/21/2013,13,2,36,35,46,227,12,72,39,75,69,468,31,190,444
6/28/2013,13,2,31,35,46,227,12,75,39,77,70,466,34,186,435
7/3/2013,14,2,33,35,49,230,12,70,40,76,72,465,35,188,436
7/12/2013,14,2,33,34,49,231,12,68,40,75,71,463,37,185,445
7/19/2013,14,2,29,30,50,233,11,71,40,78,75,468,36,184,449
7/26/2013,14,2,30,28,52,237,11,76,41,78,74,462,36,181,454
8/2/2013,13,1,33,27,51,239,11,75,42,87,70,463,37,181,452
8/9/2013,14,2,32,26,51,236,11,71,42,87,74,470,37,182,443
8/16/2013,14,2,30,27,52,229,11,74,44,86,74,474,38,182,454
8/23/2013,14,2,30,28,49,234,11,72,44,87,70,466,35,182,452
8/30/2013,13,4,29,26,49,231,11,70,44,85,71,465,35,182,461
9/6/2013,14,4,32,26,49,231,11,70,43,86,71,456,35,182,457
9/13/2013,14,4,31,25,47,234,11,68,39,89,70,460,35,181,460
9/20/2013,14,3,35,26,49,232,10,64,36,86,76,452,36,184,458
9/27/2013,14,3,32,28,48,229,9,63,38,85,78,454,36,183,444
10/4/2013,14,4,33,29,48,227,9,65,40,86,79,453,36,183,450
10/11/2013,14,5,33,30,48,221,9,63,40,85,80,451,38,181,445
10/18/2013,14,5,33,32,51,221,8,61,40,86,79,448,35,182,444
10/25/2013,14,5,33,29,51,222,9,57,41,86,78,444,36,182,451
11/1/2013,12,5,34,31,50,226,9,60,42,85,76,451,36,175,450
11/8/2013,13,5,36,32,51,226,9,60,40,85,75,469,36,175,442
11/15/2013,13,5,36,32,50,223,9,61,39,87,76,470,36,177,448
11/22/2013,13,4,33,33,50,226,9,61,38,90,75,470,35,179,445
11/27/2013,13,6,34,33,49,227,9,62,38,87,77,470,37,180,441
12/6/2013,13,6,35,33,48,226,9,62,40,86,78,473,37,179,450
12/13/2013,13,5,35,32,52,229,9,57,40,85,77,477,38,187,446
12/20/2013,13,5,33,35,49,229,9,54,42,88,76,476,38,183,438
12/27/2013,10,5,33,36,49,228,9,53,41,85,79,469,38,183,439
1/3/2014,10,5,34,36,50,228,9,52,43,85,75,468,38,185,433
1/10/2014,11,6,32,36,51,227,9,55,45,86,73,471,38,179,435
1/17/2014,8,7,28,39,55,225,9,56,43,87,73,478,39,178,452
1/24/2014,8,7,28,41,55,216,9,54,43,86,73,484,38,179,456
1/31/2014,8,5,30,40,55,214,9,57,43,86,75,481,40,179,463
2/7/2014,8,5,31,37,55,216,9,54,43,81,78,483,41,177,453
2/14/2014,7,5,30,34,53,216,9,55,42,80,78,486,43,176,450
2/21/2014,7,6,30,37,54,221,9,54,41,82,74,487,41,174,454
2/28/2014,9,5,30,36,55,221,9,51,42,78,71,493,41,176,452
3/7/2014,9,5,29,35,54,222,9,50,44,77,73,506,42,177,460
3/14/2014,9,6,26,35,54,224,9,52,44,78,70,514,42,184,462
3/21/2014,9,6,25,32,54,219,9,54,45,78,73,513,40,186,460
3/28/2014,10,6,24,30,55,223,9,55,44,76,73,518,39,185,462
4/4/2014,10,7,25,31,54,224,9,58,45,79,74,524,39,185,454
4/11/2014,9,7,24,31,54,220,9,61,42,79,71,536,35,185,468
4/17/2014,8,7,23,22,54,217,10,62,45,81,74,540,37,185,466
4/25/2014,7,7,24,23,55,219,10,64,47,87,74,542,36,187,479
5/2/2014,7,7,25,24,55,218,9,61,47,85,74,543,36,183,480
5/9/2014,6,6,24,23,53,218,10,64,45,84,76,545,36,182,483
5/16/2014,6,6,25,23,53,219,10,62,45,83,77,546,41,183,482
5/23/2014,5,6,27,24,54,213,9,63,44,83,75,547,41,183,483
5/30/2014,6,6,26,25,54,213,9,66,42,83,77,550,40,178,491
6/6/2014,6,5,28,23,53,214,9,67,43,80,77,548,41,178,488
6/13/2014,6,5,25,26,58,213,9,70,44,83,79,556,40,174,466
6/20/2014,6,5,26,26,60,215,9,70,44,80,79,553,42,175,468
6/27/2014,5,6,25,26,60,214,9,72,41,82,77,554,43,178,481
7/3/2014,5,5,26,26,60,213,9,70,43,79,80,560,43,178,477
7/11/2014,7,7,24,27,60,218,9,75,42,80,80,563,44,179,460
7/18/2014,7,7,23,30,60,212,9,75,43,79,79,556,46,184,461
7/25/2014,6,7,24,31,60,211,9,76,43,78,81,555,45,184,473
8/1/2014,6,7,26,32,57,204,9,76,42,79,79,562,45,186,479
8/8/2014,6,7,26,32,57,201,9,73,44,74,80,560,45,191,503
8/15/2014,6,7,25,34,62,199,9,69,45,77,79,558,44,194,505
8/22/2014,6,8,26,33,62,200,9,67,45,76,78,555,44,192,495
8/29/2014,7,8,26,34,63,203,8,65,46,80,81,557,43,192,501
9/5/2014,6,7,26,37,62,202,9,68,46,82,78,563,43,192,504
9/12/2014,5,7,25,36,62,203,9,67,45,83,77,566,44,194,508
9/19/2014,5,8,25,38,63,205,9,66,46,81,78,560,44,198,505
9/26/2014,5,7,22,38,63,207,9,66,46,80,77,556,44,198,513
10/3/2014,4,7,21,42,64,210,9,64,44,82,78,556,43,198,500
10/10/2014,4,7,20,37,63,211,8,64,43,81,79,562,46,194,511
10/17/2014,5,6,21,38,63,209,9,62,43,81,73,561,47,193,507
10/24/2014,5,6,22,37,62,216,9,62,40,81,73,568,49,192,505
10/31/2014,6,5,23,38,62,218,9,59,41,84,78,562,46,192,506
11/7/2014,5,6,23,39,62,212,9,57,41,82,76,567,45,193,508
11/14/2014,6,6,23,34,63,208,9,58,42,80,77,568,50,193,511
11/21/2014,7,6,25,41,58,209,9,59,39,83,75,565,49,188,516
11/26/2014,7,5,25,45,62,209,7,59,39,82,74,566,48,191,498
12/5/2014,7,5,24,43,61,206,9,63,40,82,74,568,48,189,501
12/12/2014,6,5,23,43,60,204,6,57,43,83,74,548,50,188,503
12/19/2014,6,5,26,45,59,206,9,55,42,82,73,539,48,181,499
12/26/2014,6,5,24,48,60,204,9,52,40,78,72,536,50,179,477
1/2/2015,6,5,24,45,58,200,8,52,40,77,72,530,49,179,466
1/9/2015,6,6,24,45,56,197,10,50,43,77,69,502,48,171,446
1/16/2015,8,5,25,41,54,185,8,43,43,75,68,487,49,165,420
1/23/2015,6,5,25,44,53,181,9,41,42,76,63,481,46,153,408
1/30/2015,6,7,19,40,51,178,9,40,43,75,54,454,43,148,376
2/6/2015,6,7,19,43,48,168,9,39,43,71,53,417,41,137,355
2/13/2015,6,6,13,43,42,164,9,38,41,69,54,368,39,128,338
2/20/2015,6,5,11,43,39,160,9,36,41,69,48,362,39,123,319
2/27/2015,6,5,9,39,39,157,9,34,40,68,47,355,38,111,310
3/6/2015,6,5,9,37,34,149,9,32,38,62,44,333,37,108,289
3/13/2015,5,5,7,40,32,146,9,26,34,63,42,311,33,104,268
3/20/2015,5,6,6,40,33,138,7,24,34,69,44,292,30,99,242
3/27/2015,4,6,6,40,30,137,7,24,32,70,43,290,30,97,232
4/2/2015,8,6,6,40,30,137,6,23,29,70,40,285,29,91,228
4/10/2015,9,5,6,38,28,125,7,22,27,70,40,264,28,89,230
4/17/2015,6,6,6,40,28,123,7,17,27,69,31,258,26,84,226
4/24/2015,6,6,6,41,29,115,8,18,29,69,29,246,26,79,225
5/1/2015,6,6,4,38,29,110,7,17,27,67,25,238,26,80,225
5/8/2015,6,6,5,35,30,105,6,16,27,66,23,237,25,80,227
5/15/2015,6,6,5,35,30,108,6,16,27,66,22,233,25,79,224
5/22/2015,6,6,5,34,30,107,8,15,27,66,22,233,24,78,224
5/29/2015,6,6,5,34,30,110,6,16,26,63,22,232,25,77,217
6/5/2015,7,5,6,33,30,103,5,17,26,64,23,233,24,76,216
6/12/2015,7,5,6,33,30,104,5,17,26,63,23,232,23,76,209
6/19/2015,8,6,6,32,29,104,5,16,26,64,22,233,22,77,207
6/26/2015,8,6,5,33,29,103,5,14,27,65,20,231,19,74,220
7/2/2015,7,6,6,34,28,106,4,15,27,64,19,232,20,77,217
7/10/2015,7,6,8,33,30,102,4,15,27,62,18,239,21,71,220
7/17/2015,5,5,8,31,31,98,4,17,26,59,19,242,22,69,221
7/24/2015,5,5,8,33,31,100,4,18,29,59,19,245,23,70,227
7/31/2015,5,5,8,37,31,98,4,17,30,56,19,248,24,71,221
8/7/2015,5,5,8,36,31,98,4,17,31,55,19,254,23,72,226
8/14/2015,5,5,10,37,32,101,4,16,30,53,20,255,22,70,224
8/21/2015,5,6,7,39,31,99,4,17,30,52,20,253,20,73,229
8/28/2015,5,6,7,40,30,97,4,17,31,51,20,255,20,73,221
9/4/2015,5,7,7,39,30,93,4,15,29,51,20,253,19,72,220
9/11/2015,5,7,6,38,29,90,4,15,29,51,19,250,19,71,215
9/18/2015,5,8,7,40,29,88,4,13,29,49,14,253,20,68,215
9/25/2015,4,8,6,40,29,85,3,12,26,49,14,250,20,67,225
10/2/2015,2,8,6,37,26,82,4,12,26,47,14,245,21,66,213
10/9/2015,2,8,6,37,27,80,4,11,24,46,13,235,20,65,217
10/16/2015,2,8,6,36,27,76,4,12,24,46,13,233,20,64,216
10/23/2015,2,8,6,36,27,77,4,12,26,43,12,229,22,64,219
10/30/2015,2,8,6,36,27,75,4,13,25,43,12,229,21,63,211
11/6/2015,2,10,5,32,28,72,4,14,25,43,13,232,21,64,206
11/13/2015,2,10,6,32,28,73,4,13,27,43,12,229,21,63,204
11/20/2015,2,9,8,34,27,75,4,13,28,43,9,225,20,63,197
11/25/2015,2,9,7,34,26,73,4,12,28,42,12,221,20,62,192
12/4/2015,2,9,7,35,25,73,4,13,28,42,12,217,20,60,190
12/11/2015,2,8,7,37,23,76,3,14,27,42,12,204,16,58,180
12/18/2015,2,8,8,38,24,77,3,14,26,41,11,206,16,58,177
12/23/2015,2,8,8,39,23,77,1,15,24,41,12,212,16,55,167
12/31/2015,2,8,7,38,23,76,1,15,25,41,12,217,15,53,165
1/8/2016,3,8,6,36,22,71,0,12,23,37,11,209,14,49,163
1/15/2016,3,8,5,37,19,68,0,14,23,38,12,202,13,47,161
1/22/2016,3,7,4,39,19,64,0,14,18,35,10,199,14,45,166
1/29/2016,3,7,3,39,21,64,0,13,18,34,11,182,14,44,166
2/5/2016,3,5,4,37,21,60,0,8,15,31,10,180,13,42,142
2/12/2016,2,5,4,34,18,58,0,8,15,29,10,172,13,39,134
2/19/2016,2,5,3,33,16,54,0,10,15,29,8,165,13,36,125
2/26/2016,2,4,4,36,16,47,0,9,14,29,8,164,12,36,121
3/4/2016,2,4,4,37,15,46,0,10,15,28,7,158,12,33,118
3/11/2016,2,4,4,37,15,43,0,8,15,31,8,152,11,32,118
3/18/2016,2,3,4,34,15,45,0,8,14,31,7,152,10,31,120
3/24/2016,1,3,6,31,15,41,0,8,14,30,7,147,10,31,120
4/1/2016,2,4,6,30,15,42,0,4,14,29,5,145,10,29,115
4/8/2016,2,4,4,32,15,43,0,4,12,29,5,142,12,27,112
4/15/2016,2,3,5,30,15,42,0,4,12,28,4,141,12,26,116
4/22/2016,2,3,5,29,15,40,0,4,12,28,4,136,11,26,116
4/29/2016,2,2,6,27,14,37,0,3,12,26,4,134,11,26,116
5/6/2016,2,2,6,27,13,34,0,4,12,26,6,139,10,25,109
5/13/2016,1,2,5,27,12,33,0,4,13,26,5,134,10,24,110
5/20/2016,1,2,2,29,13,31,0,4,14,26,3,137,10,23,109
5/27/2016,1,3,2,28,13,29,0,6,15,26,3,137,11,22,108
6/3/2016,1,3,2,26,13,29,0,6,15,24,3,142,11,22,111
6/10/2016,1,2,2,24,12,30,0,7,17,23,5,142,12,24,113
6/17/2016,1,2,7,27,12,34,0,7,17,24,4,146,12,24,107
6/24/2016,0,2,7,24,12,34,0,8,19,23,4,150,12,26,100
7/1/2016,0,2,8,26,14,33,0,8,17,23,4,154,12,26,104
7/8/2016,0,2,9,28,15,33,0,8,17,23,5,158,12,28,102
7/15/2016,1,2,5,29,16,33,0,8,16,23,5,160,12,27,110
7/22/2016,1,2,8,28,18,35,0,9,16,23,6,168,12,27,109
7/29/2016,1,2,5,29,19,33,0,9,15,22,4,172,13,27,112
8/5/2016,1,2,4,29,18,37,0,9,15,21,4,177,13,28,106
8/12/2016,1,2,4,29,18,36,0,10,14,21,4,189,14,29,110
8/19/2016,1,2,5,32,18,36,0,9,14,24,3,196,14,27,110
8/26/2016,1,2,4,32,16,35,0,9,14,25,3,199,13,27,109
9/2/2016,1,2,3,32,15,38,0,9,14,27,2,202,14,28,110
9/9/2016,1,2,3,31,15,38,0,9,14,29,2,200,15,28,121
9/16/2016,1,3,1,32,16,38,0,9,13,29,2,202,15,27,118
9/23/2016,1,3,1,33,16,37,0,9,13,30,3,201,15,28,121
9/30/2016,0,4,1,35,17,36,1,10,13,32,3,204,15,30,121
10/7/2016,0,4,3,35,16,35,1,10,14,32,3,203,15,30,123
10/14/2016,0,4,3,39,18,31,1,10,16,34,2,201,15,30,135
10/21/2016,0,4,3,39,17,33,1,10,17,34,3,212,15,30,135
10/28/2016,0,4,3,41,15,33,1,10,20,36,2,212,15,35,130
11/4/2016,0,5,3,41,16,35,1,10,21,36,2,218,15,37,129
11/11/2016,0,5,3,40,16,38,1,10,21,35,2,218,16,35,128
11/18/2016,0,5,2,40,18,38,1,11,23,34,3,229,19,34,131
11/23/2016,0,5,2,38,20,38,1,11,23,38,4,228,19,33,133
12/2/2016,0,5,4,39,18,40,1,11,26,38,4,235,19,31,126
12/9/2016,0,5,3,37,24,43,1,13,26,40,4,246,19,32,131
12/16/2016,0,4,3,34,24,44,1,14,27,40,3,258,19,31,135
12/23/2016,1,4,3,36,25,44,1,14,27,39,3,262,20,32,142
12/30/2016,1,4,3,37,25,46,1,15,27,39,3,264,20,33,140
1/6/2017,1,4,3,37,25,47,1,10,29,40,3,267,21,33,144
1/13/2017,1,4,2,37,23,47,1,9,28,39,2,268,20,32,146
1/20/2017,1,4,2,46,23,49,1,9,29,40,2,281,23,35,149
1/27/2017,1,5,2,49,20,54,0,10,31,39,2,291,23,37,148
2/3/2017,1,5,3,56,21,56,1,8,30,39,2,295,23,37,152
2/10/2017,2,5,3,51,21,59,1,8,31,42,3,301,21,37,156
2/17/2017,2,5,5,49,21,61,1,13,34,42,3,303,21,36,155
2/24/2017,2,5,5,51,21,64,1,12,35,42,3,306,21,35,151
3/3/2017,2,6,4,50,20,69,1,13,34,41,3,308,20,38,147
3/10/2017,2,6,4,49,24,68,1,11,36,41,3,309,22,38,154
3/17/2017,2,9,4,48,25,70,1,12,37,42,6,308,22,42,161
3/24/2017,2,9,5,50,25,72,1,13,37,44,7,315,22,43,164
3/31/2017,2,9,5,48,23,73,1,14,38,44,6,319,22,42,178
4/7/2017,2,10,5,50,23,72,1,10,38,45,8,331,22,42,180
4/13/2017,2,10,5,52,24,75,1,9,37,45,8,339,23,43,174
4/21/2017,2,10,6,51,25,78,1,10,37,46,8,340,23,44,176
4/28/2017,2,10,6,55,25,83,1,10,38,46,8,342,23,44,177
5/5/2017,1,9,6,51,25,83,1,10,39,43,7,349,23,43,187
5/12/2017,1,8,6,53,25,83,1,11,39,43,6,357,24,44,184
5/19/2017,1,8,7,53,23,85,1,10,40,45,9,361,25,44,189
5/26/2017,1,8,7,56,27,86,1,9,40,45,9,362,25,45,187
6/2/2017,1,8,7,56,28,86,1,9,40,43,8,364,26,46,193
6/9/2017,0,8,8,60,27,84,1,10,41,45,9,368,28,46,192
6/16/2017,0,8,7,59,27,84,1,10,40,45,8,368,28,49,199
6/23/2017,1,8,7,60,28,84,1,12,40,45,7,369,28,52,199
6/30/2017,1,9,7,59,27,84,1,12,41,45,7,370,28,52,197
7/7/2017,1,10,7,63,27,84,1,14,43,45,6,369,28,52,202
7/14/2017,1,10,7,59,29,80,1,14,43,45,6,373,28,53,203
7/21/2017,1,9,6,59,30,78,1,14,45,45,5,374,28,54,201
7/28/2017,1,9,7,63,29,76,1,15,45,46,6,379,29,54,198
8/4/2017,1,10,7,60,30,78,1,15,45,46,7,379,29,53,193
8/11/2017,1,8,7,63,30,75,1,15,45,46,7,377,29,53,192
8/18/2017,2,8,7,67,30,75,1,14,45,46,5,377,29,51,189
8/25/2017,2,8,7,69,30,74,1,15,46,43,4,377,30,52,182
9/1/2017,2,9,7,65,30,73,1,16,44,44,4,380,30,52,186
9/8/2017,2,8,7,67,29,73,0,15,46,46,4,382,30,53,182
9/15/2017,2,8,7,64,28,71,0,15,46,47,4,380,30,52,182
9/22/2017,2,9,7,63,26,68,0,14,45,47,4,386,30,49,185
9/29/2017,2,9,7,62,25,68,0,13,44,47,4,385,30,50,194
10/6/2017,2,11,8,60,26,69,0,13,44,45,4,383,30,50,191
10/13/2017,2,11,4,60,25,63,0,12,44,45,5,384,30,51,192
10/20/2017,2,10,4,62,25,65,0,12,41,45,5,378,30,51,183
10/27/2017,2,10,5,66,25,65,0,10,41,42,5,379,30,49,180
11/3/2017,1,8,5,66,26,65,0,10,38,42,5,380,30,48,174
11/10/2017,1,8,5,73,26,67,0,10,38,42,5,386,29,48,169
11/17/2017,1,8,5,74,25,67,0,10,40,42,5,391,30,47,170
11/22/2017,1,8,5,73,26,67,0,10,40,42,5,393,30,47,176
12/1/2017,1,8,4,72,25,67,0,10,43,42,6,397,30,48,176
12/8/2017,1,8,5,73,23,70,0,10,46,45,4,400,27,47,172
12/15/2017,1,8,4,69,23,70,0,12,47,48,4,397,27,48,172
12/22/2017,1,8,6,73,23,70,0,12,47,48,3,398,27,49,166
12/29/2017,1,8,6,73,26,70,0,12,46,48,3,398,28,47,163
1/5/2018,1,8,6,73,26,70,0,12,45,48,3,400,28,46,158
1/12/2018,1,9,5,73,27,70,0,12,46,48,4,403,28,46,167
1/19/2018,1,9,3,71,25,67,0,11,46,51,4,409,24,45,170
1/26/2018,1,9,2,68,25,66,0,12,45,55,3,427,23,45,166
2/2/2018,1,8,2,68,26,66,0,12,47,55,3,427,24,46,161
2/9/2018,2,8,2,66,26,69,0,11,50,55,3,437,24,50,172
2/16/2018,1,7,2,67,25,70,0,12,50,56,4,433,22,49,177
2/23/2018,1,7,2,69,26,70,0,12,51,54,4,435,23,50,174
3/2/2018,1,7,2,68,25,70,0,12,51,56,4,434,23,48,180
3/9/2018,1,8,2,62,24,70,0,12,51,57,4,436,23,51,183
3/16/2018,1,7,2,64,23,71,1,14,52,56,4,437,24,54,180
3/23/2018,1,7,2,59,24,72,1,13,52,56,3,444,23,54,184
3/29/2018,1,7,2,63,24,72,1,12,52,57,3,443,22,54,180
4/6/2018,1,7,3,63,24,73,1,12,52,56,2,444,24,55,186
4/13/2018,1,8,3,65,24,75,1,12,52,55,2,445,25,55,185
4/20/2018,1,8,3,61,23,76,1,11,52,55,4,453,23,53,189
4/27/2018,2,9,3,70,21,75,0,11,53,54,4,452,25,56,186
5/4/2018,2,9,3,69,22,76,0,11,54,54,4,458,25,57,188
5/11/2018,2,9,3,70,24,78,0,13,54,55,5,463,25,57,187
5/18/2018,2,9,3,72,24,77,0,14,54,55,4,467,24,56,185
5/25/2018,3,9,4,73,25,78,0,14,54,56,5,478,24,57,179
6/1/2018,3,9,4,76,26,80,0,14,54,56,6,477,24,56,175
6/8/2018,3,9,4,73,26,80,0,15,54,56,6,480,24,55,177
6/15/2018,3,8,4,72,26,82,0,16,54,54,6,476,23,57,178
6/22/2018,3,8,4,72,26,82,0,16,53,53,5,474,23,56,177
6/29/2018,3,8,4,74,26,80,0,16,50,53,5,474,23,54,177
7/6/2018,2,8,4,68,25,81,0,16,49,53,5,475,23,57,186
7/13/2018,2,8,4,69,25,81,0,15,49,53,5,476,23,57,187
7/20/2018,2,7,3,71,25,81,0,12,49,52,5,476,24,56,183
7/27/2018,2,7,3,71,25,80,0,14,48,55,5,480,23,57,178
8/3/2018,2,7,3,68,25,80,0,16,48,53,6,480,23,56,177
8/10/2018,2,6,2,68,25,79,0,17,49,52,6,485,24,56,186
8/17/2018,2,7,2,65,24,79,0,15,48,53,4,486,23,56,193
8/24/2018,2,7,2,65,24,79,0,15,49,52,4,485,22,52,186
8/31/2018,2,7,2,67,24,78,0,13,49,53,4,486,22,52,189
9/7/2018,2,7,2,66,25,78,0,13,48,53,3,484,22,53,192
9/14/2018,2,7,2,66,27,78,0,13,48,55,4,483,22,54,194
9/21/2018,2,7,2,60,27,79,0,14,48,55,4,488,20,53,194
9/28/2018,3,7,2,67,28,79,0,13,50,55,4,486,20,53,187
10/5/2018,3,7,2,66,27,78,0,13,50,56,7,485,20,52,186
10/12/2018,3,8,2,64,28,77,0,13,50,56,7,489,19,52,195
10/19/2018,3,8,3,63,28,79,0,14,50,55,7,490,19,52,196
10/26/2018,3,8,2,63,27,79,0,14,51,56,7,489,19,56,194
11/2/2018,3,7,2,66,27,79,0,15,51,54,7,487,20,56,193
11/9/2018,3,7,2,57,29,76,0,15,51,56,7,492,19,57,210
11/16/2018,3,7,1,58,29,79,0,16,51,58,7,493,17,57,206
11/21/2018,3,7,1,55,29,78,0,15,51,58,7,493,17,56,209
11/30/2018,3,7,1,55,29,79,0,15,52,56,7,493,17,56,206
12/7/2018,2,7,1,57,28,80,0,15,51,57,6,489,16,56,210
12/14/2018,2,6,1,57,28,81,0,14,50,56,5,486,17,53,215
12/21/2018,2,6,2,59,30,80,0,10,51,57,8,486,16,56,217
12/28/2018,2,6,2,59,30,80,0,11,52,57,8,486,17,56,217
1/4/2019,2,6,2,59,31,80,0,11,52,57,8,487,17,56,207
1/11/2019,2,6,2,57,31,80,0,11,53,61,8,488,18,56,202
1/18/2019,3,6,2,62,31,81,0,8,54,62,6,481,18,56,180
1/25/2019,3,6,2,62,31,81,0,8,54,63,6,484,19,58,182
2/1/2019,3,5,2,61,31,81,0,5,54,63,10,481,19,58,172
2/8/2019,5,5,2,59,31,82,0,5,54,63,10,478,19,58,178
2/15/2019,5,5,2,59,31,82,0,4,56,61,10,473,19,57,187
2/22/2019,5,5,1,56,32,82,0,5,57,62,10,473,19,57,183
3/1/2019,5,5,2,56,31,82,0,5,58,62,9,466,19,56,182
3/8/2019,5,5,1,58,31,81,0,7,58,65,8,465,14,53,176
3/15/2019,5,4,1,53,31,82,0,6,58,65,5,464,14,56,182
3/22/2019,5,3,1,52,31,82,0,6,57,65,5,459,15,57,178
3/29/2019,5,3,1,49,29,78,0,8,57,65,4,454,15,60,178
4/5/2019,5,3,1,50,30,78,0,8,58,68,4,462,15,61,182
4/12/2019,5,1,1,48,30,77,0,9,56,62,4,464,18,61,186
4/18/2019,5,1,1,48,29,77,0,9,54,62,3,463,18,61,181
4/26/2019,5,1,1,46,29,73,0,8,54,62,5,460,17,58,172
5/3/2019,5,3,1,46,30,74,0,8,52,61,6,459,18,57,170
5/10/2019,5,3,1,47,29,74,0,8,52,63,6,457,17,56,170
5/17/2019,5,3,1,48,30,74,0,7,50,60,6,454,20,56,173
5/24/2019,5,3,1,45,29,75,0,7,50,62,4,451,19,57,175
5/31/2019,5,3,1,45,29,75,0,7,51,61,4,452,18,57,176
6/7/2019,6,3,1,44,28,74,0,8,53,58,4,446,18,56,176
6/14/2019,6,3,1,44,28,73,0,8,53,58,4,441,18,56,176
6/21/2019,6,2,1,45,28,73,0,6,53,58,3,439,17,56,180
6/28/2019,6,2,1,49,26,71,0,4,53,58,2,441,17,55,182
7/3/2019,6,2,1,47,26,71,0,4,51,59,2,443,17,55,179
7/12/2019,6,2,1,48,27,66,0,4,52,59,2,437,17,55,182
7/19/2019,4,2,1,49,27,67,0,4,51,58,2,440,17,55,177
7/26/2019,5,3,1,49,29,66,0,4,51,56,2,443,15,47,175
8/2/2019,5,3,1,48,29,66,0,2,52,56,2,442,15,47,174
8/9/2019,5,3,1,45,29,66,0,4,50,56,2,444,15,47,167
8/16/2019,5,3,1,46,30,67,0,4,50,56,2,441,13,48,169
8/23/2019,4,3,1,45,25,67,0,4,50,53,3,434,13,48,166
8/30/2019,3,4,1,45,23,67,0,3,49,52,3,429,13,51,161
9/6/2019,3,4,1,42,23,67,0,3,49,52,2,427,13,54,158
9/13/2019,3,4,4,39,22,66,0,3,50,50,2,419,12,55,157
9/20/2019,2,3,4,36,23,63,0,3,50,50,2,417,12,53,150
9/27/2019,2,3,4,38,22,62,0,2,50,50,2,414,12,53,146
10/4/2019,2,3,4,36,21,60,0,2,50,48,2,415,12,55,145
10/11/2019,2,3,4,33,21,60,0,2,52,47,2,421,11,55,143
10/18/2019,2,3,4,30,22,60,0,2,52,44,2,422,11,55,142
10/25/2019,1,3,4,28,22,63,0,1,52,42,3,417,11,53,130
11/1/2019,1,3,4,28,22,63,0,0,51,40,2,416,11,53,128
11/8/2019,1,3,4,29,22,60,0,0,51,40,2,412,11,52,130
11/15/2019,0,3,4,28,21,60,0,0,51,37,3,408,13,51,127
11/22/2019,0,3,4,27,22,60,0,0,53,36,3,405,13,51,126
11/27/2019,0,3,2,27,21,60,0,0,53,36,2,405,13,51,129
12/6/2019,0,3,2,25,21,60,0,1,51,37,2,400,13,52,132
12/13/2019,0,3,1,25,20,60,0,1,50,41,2,400,11,52,133
12/20/2019,0,3,2,23,20,67,0,1,50,40,2,414,11,51,129
12/27/2019,0,3,1,21,20,67,0,1,49,41,2,405,11,52,132
1/3/2020,1,2,1,20,20,67,0,1,49,40,2,403,11,52,127
1/10/2020,2,2,1,21,19,67,0,1,45,41,2,397,10,51,122
1/17/2020,3,2,1,21,19,69,0,0,45,41,2,403,10,53,127
1/24/2020,3,2,1,21,19,69,0,0,43,40,2,405,11,53,125
1/31/2020,4,2,1,19,20,70,0,1,41,40,2,406,11,53,120
2/7/2020,5,1,1,18,20,70,0,1,41,39,2,405,11,53,123
2/14/2020,5,1,1,19,20,70,0,2,41,38,2,408,11,53,119
2/21/2020,5,1,1,19,19,70,0,2,42,38,2,409,11,53,119
2/28/2020,4,1,1,21,20,68,0,1,43,38,2,411,11,53,116
3/6/2020,4,1,1,18,20,68,0,2,43,37,2,415,11,52,119
3/13/2020,4,1,1,19,20,68,0,2,43,39,2,418,9,52,114
3/20/2020,4,1,1,18,20,67,0,3,43,39,2,405,9,51,109
3/27/2020,4,1,1,13,19,63,0,3,40,39,1,382,9,49,104
4/3/2020,4,1,1,11,18,57,0,3,39,39,0,351,9,43,88
4/9/2020,4,1,2,9,16,51,0,2,38,38,0,316,9,41,75
4/17/2020,4,1,2,7,16,42,0,2,35,35,0,283,9,34,59
4/24/2020,4,0,2,4,15,35,0,2,34,32,0,246,9,27,55
5/1/2020,4,0,2,4,7,30,0,2,32,30,0,219,9,26,43
5/8/2020,3,0,2,4,7,27,0,2,32,30,0,198,8,20,41
5/15/2020,2,0,2,4,7,24,0,2,32,30,0,175,8,16,37
5/22/2020,2,0,2,4,5,22,0,2,32,30,0,162,8,14,35
5/29/2020,2,1,2,4,5,22,0,2,32,28,0,148,9,12,34
6/5/2020,1,1,2,5,5,13,0,1,31,28,0,141,9,12,35
6/12/2020,1,1,2,5,5,13,0,0,33,28,0,137,9,11,34
6/19/2020,1,0,2,5,5,11,0,0,32,27,0,132,9,10,32
6/26/2020,1,0,2,6,4,11,0,0,32,27,0,131,9,10,32
7/2/2020,1,0,2,6,4,11,0,0,33,28,0,126,8,10,34
7/10/2020,1,0,1,6,4,9,0,0,33,27,0,125,8,10,34